{
  "gemma3:1b": {
    "overall": 0.7277777777777777,
    "original": 0.9,
    "variant": 0.6933333333333334
  },
  "gemma3:4b": {
    "overall": 0.8444444444444444,
    "original": 0.9333333333333333,
    "variant": 0.8266666666666667
  },
  "gemma3:12b": {
    "overall": 0.8888888888888888,
    "original": 0.9666666666666667,
    "variant": 0.8733333333333333
  }
}